{"cameraMode":{"drawMode":0,"name":"Shaded","section":"Shading Mode"},"sceneLighting":true,"audioPlay":false,"sceneViewState":{"m_AlwaysRefresh":false,"showFog":true,"showSkybox":true,"showFlares":true,"showImageEffects":true,"showParticleSystems":true,"showVisualEffectGraphs":true,"m_FxEnabled":true},"in2DMode":false,"pivot":{"x":-0.932884931564331,"y":0.08447074890136719,"z":0.31218385696411135},"rotation":{"x":0.13984915614128114,"y":0.2684996426105499,"z":-0.03942353278398514,"w":0.9523038268089294},"size":50.492637634277347,"orthographic":false}