{"cameraMode":{"drawMode":0,"name":"Shaded","section":"Shading Mode"},"sceneLighting":false,"audioPlay":false,"sceneViewState":{"m_AlwaysRefresh":false,"showFog":true,"showSkybox":false,"showFlares":true,"showImageEffects":true,"showParticleSystems":true,"showVisualEffectGraphs":true,"m_FxEnabled":true},"in2DMode":false,"pivot":{"x":1.790000081062317,"y":0.37753063440322878,"z":1.6600000858306885},"rotation":{"x":0.002898487728089094,"y":0.797096312046051,"z":-0.6038334965705872,"w":0.003826912958174944},"size":1.743640422821045,"orthographic":false}